INSERT INTO job (id, job_title, company, company_url, company_email, salary_range, location, description, how_to_apply, created_at, approved_at, url_id, slug, salary_min, salary_max, salary_currency, ad_type, external_id, salary_period, expired, last_week_clickouts, salary_currency_iso, visa_sponsorship) VALUES (1, 'Backend Engineer', 'Google', 'https://google.com', 'noreply@google.com', '$100k - $120k', 'London, United Kingdom', 'This job required Golang skills. Please apply.', 'noreply@google.com', '2018-08-28 16:51:51', '2018-08-28 16:51:51', 1535471512, 'backend-engineer-at-google', 100000, 120000, '$', 0, '1V9Y2yZduBBYCCsU2wU8Ja2cOca', 'year', 'false', 8, 'USD', 'true');
INSERT INTO job (id, job_title, company, company_url, company_email, salary_range, location, description, how_to_apply, created_at, approved_at, url_id, slug, salary_min, salary_max, salary_currency, ad_type, external_id, salary_period, expired, last_week_clickouts, salary_currency_iso, visa_sponsorship, company_icon_image_id) VALUES (2, 'Programmer', 'Apple', 'https://apple.com', 'noreply@apple.com', '$100k - $120k', 'Remote', 'This job required Golang skills. Please apply.', 'noreply@google.com', '2018-08-28 16:51:52', '2018-08-28 16:51:52', 1535471513, 'programmer-apple', 100000, 120000, '$', 0, '1V9Y2yZduBBYCCsU2wU8Ja2cOcab', 'year', 'false', 8, 'USD', 'true', '24ibdFIU4invHKb5ciPVkcMAvZa');
INSERT INTO job (id, job_title, company, company_url, company_email, salary_range, location, description, how_to_apply, created_at, approved_at, url_id, slug, salary_min, salary_max, salary_currency, ad_type, external_id, salary_period, expired, last_week_clickouts, salary_currency_iso, visa_sponsorship, company_icon_image_id) VALUES (3, 'Data Engineer', 'Microsoft', 'https://microsoft.com', 'noreply@microsoft.com', '$100k - $120k', 'Remote', 'This job required Golang skills. Please apply.', 'noreply@microsoft.com', '2023-04-14 12:34:56', '2023-04-14 12:34:56', 1535471514, 'data-engineer-microsoft', 100000, 120000, '$', 0, '2PH8bKtsNnsLwQIENjh07tnKLWB', 'year', 'false', 8, 'USD', 'true', NULL);
INSERT INTO job (id, job_title, company, company_url, company_email, salary_range, location, description, how_to_apply, created_at, approved_at, url_id, slug, salary_min, salary_max, salary_currency, ad_type, external_id, salary_period, expired, last_week_clickouts, salary_currency_iso, visa_sponsorship, company_icon_image_id) VALUES (4, 'Platform Engineer', 'Amazon', 'https://amazon.com', 'noreply@amazon.com', '$100k - $120k', 'Remote', 'This job required Golang skills. Please apply.', 'recruiter@example.com', '2023-04-14 12:34:56', '2023-04-14 12:34:56', 1535471515, 'platform-engineer-amazon', 100000, 120000, '$', 0, '2PH8bKtsNnsLwQIENjh07tnKLWC', 'year', 'false', 8, 'USD', 'true', NULL);
ALTER SEQUENCE job_id_seq RESTART WITH 5;
INSERT INTO edit_token (token, job_id, created_at) VALUES ('2PPze8iCWIgX50IZD1RyJkcZWvU', 4, '2023-05-05 12:15:36.602783');
INSERT INTO image (id, bytes, media_type) VALUES ('24ibdFIU4invHKb5ciPVkcMAvZa', decode('89504e470d0a1a0a0000000d49484452000000e1000000e10803000000096d224800000099504c5445ffffff241e20000000261d20231f20fcfcfc202020211f20fdfffe221c1efffdfed1d1d11f191b060000f9f9f9e8e8e8dedede1d1618b2b2b21a13151d1b1c837f800c00058e8e8e13090dbbbbbb5b595a9d9d9dc4c1c2f3f3f36e6e6e3b393a2e2a2b2f2f2f8989891614150b0b0b434343dddadb565354252626aaaaaa4c4d4d6e6769737373cccbcc787778858585463f41626162332d2fa6ad3261000005f749444154789ceddc0b73a23c1406e0244011212017318a542ba0d57eba65ffff8ffb007bd196aa5d4f8753e73c333bbbed329dbc252157648c1042082184104208218410420821841042082184104208b99451fd5906c355d075417e8e377a88a592a3aecbf1338cfef249c88873ae6e34a13714a1aeebb79b70fc98f31772dd75617e80fb4744a6ce354dab128a71d7c581974e84c9df8881d17581a0b9cfaa6980af09d98d2534dc8de207c2a7ae4b04acc7fe134df37bbb8537d70cd7e2a08672cd5269d725023630a3c33aaaa961bfeb2201bbcff8611dd5e4f2c6126e253f92efba2e11a81e63657814d08a065d170a548fd9e2f8168aa4eb32c1eab13ff951c07065dc586fefead6e153c6d7bdae4b04edb8923a6a7b6b033696c48701e369d7e5815775866f7c7fdb3c5d6fcbcc79eded75592cbb2ecd4fc8ac26a1a98762716bc3d13db11fb1e56262b3decdd5d09ab01c5f49716f572df03613ce1e66abc534fdfd7dc457015abedf77d3d4fd85b30bc3b3c7c962381cadeda3514b6f6fff85eb8d47f7abe7bfb3e7c96e341eb85d14f4df18cba49c4b11ab8a14f372fd69fa5045ec2f93892f54e83b8ee387a112aaf8b335bebefd88b8c14ac9d0799f1f85325b051fba062f59a9d83f1ca372ab7a046dd6bfa0890633e1f38f7c391fdacd7f37e5dfde9bf2f345f564513cac914f360645954fd38ed6d29a2f1d1517495d5b7bcbd183a83a7ead25a16ede45a2c03c25ee27226c29f8db405ba8e7e7aac1395f5fc34d33126b86f53ea64fe27029bb356595ce3a7541f5032c314419d060de263e55f66f903b176346afc8b4d6d6f52d4da3d505c635d4b45057c77b27d12d5019ac541c302197e8a6ff23a14326541c57c23eb3c59987e8e5cc8a28535c0db19fceb2f345bf4cd5ebdf096c47177a2c39dcb4be32611510dd638679f3082ea18930201ba9f325bf38a158e09b5ea47f4f8d34bf49950807a581385ff04b5973843b1946796242f15d288f2d78f27cc12fa2697a56e2aba28cadc112724bd95da769730f5549352d2cbb0ed3c69d9f9cd27e0bceed364f808db89d19cadd9a002ea11a761da6550237f39518bb0ac6762154422bc4b990b871c012ce716e5dccc1123acf5d6769a72ca884fea4eb2cadfa42874a88f5b0b0005b81429ab00f9710692d05bc87fea6eb2cede0daa133c3b584f80aee596ae92887a56c0e9690c736c6f92f2bc07a7c1ee37cc5eb096c5cca714e80d9026e6e613d225c68ab9769e0f69c24ca3782a780aba5ce0ae3f6b607b72bc32d94cba5ae1e9d2ffaa59c0dbe2962bf3f01db3be448df3081dc79e25688f0452fc8470dd77c842b8a9e825b12aee6296a826effd05db59d33fce7847a8c6f6403da102bb274911d72fff8c6ddd5726c2730d3196043e4754dcdccc040d51a87b0d554d3745394a8de19dac2add5bc51e11051557581ab69c34235bc19e560c7dade094493c5de2083bf8919a69edf6013c003277b3ab289d414ea3cc69b28c37307593d85823cf8d588b19dc05c4b8063ec2fead3ec5a8ce83953335c1ff62622fcc493e4ecdb2417d32b0a5177bf67b870a7684dd3cc77085f130ec0d6dcb4ea418aee165623376303b522a5d50f52547dc58b2dd43451b310aed53486406f766932c0f9691286f7e080f48961d947d755340c3606a9a756ee214d58d9e5e7039c25506e40ed19e9c3f57b18aa44f91c7d650bfdcaa18dc3913e47f78c7af07655c76f099407a1df19ec3ebfbb26a118317cfb6bc7d222fba29a6ac73e5fa057e35194ef5b7c307874feb12dea6656a4bf2021b3b3c86caba9fab1960ba2478403eecf0cb6cda3b684512e5e55bf8396e7919321dc1d6d6747d9414bdb7f2e868c8bc57899ba869bdac16e1ed79b8eaf17357f9b39ced3346d0ce615d27aaf969cfb62961c57407ba84b477fa9bbcd0d14e52ff8e49677ee2253d15dcdbc8b5436997eee02bca410caa95f6cbed32d5ffec579a6ed2bd5bd580ee742e455d3cb36a3661be9703e547f9292c1dced6eb66f9bd92a413d92695365f4a6c962944cbd533d783a9806eb607bf21ab48c967f7d7d0d21841042082184104208218410420821841042082184104208218410420821841042082184dc8cff01f2435e1a01be4ad70000000049454e44ae426082', 'hex'), 'image/png');
INSERT INTO company (id, name, url, locations, last_job_created_at, icon_image_id, total_job_count, active_job_count, description, featured_post_a_job, slug, twitter) VALUES ('1qHDWmZrV8Q9XptbA4SXdYgxbSG', 'Apple', 'https://apple.com', 'London, United Kingdom', '2021-03-25 10:29:22', '24ibdFIU4invHKb5ciPVkcMAvZa', 1, 1, 'Apple makes stuff', 'false', 'apple-com', 'https://twitter.com/apple');
INSERT INTO developer_profile (id, email, location, available, linkedin_url, image_id, slug, created_at, updated_at, skills, name, bio, hourly_rate) VALUES ('24goWl4YS6NYmV0FKW3SVeEHBKs', 'noreply@appledeveloper.com', 'Cupertino, California', 'true', 'http://linkedin.com/appledeveloper', '24ibdFIU4invHKb5ciPVkcMAvZa', 'fat-tony', '2022-02-05 11:47:04.0109991', '2022-02-05 11:47:04.010991', 'Go,Apple Swift,Java', 'Fat Tony', 'Prolific Apple Programmer', 40);
INSERT INTO email_subscribers (email, token, confirmed_at, created_at) VALUES ('1@example.com', '25LAw8Yzc5SxsMi5DlHIgMoNbVA', '2021-01-01', '2021-01-01');
INSERT INTO email_subscribers (email, token, confirmed_at, created_at) VALUES ('2@example.com', '25LAw8Yzc5SxsMi5DlHIgMoNbVB', '2021-01-01', '2021-01-01');
INSERT INTO email_subscribers (email, token, confirmed_at, created_at) VALUES ('3@example.com', '25LAw8Yzc5SxsMi5DlHIgMoNbVC', '2021-01-01', '2021-01-01');
INSERT INTO email_subscribers (email, token, confirmed_at, created_at) VALUES ('4@example.com', '25LAw8Yzc5SxsMi5DlHIgMoNbVD', '2021-01-01', '2021-01-01');
INSERT INTO email_subscribers (email, token, confirmed_at, created_at) VALUES ('5@example.com', '25LAw8Yzc5SxsMi5DlHIgMoNbVE', '2021-01-01', '2021-01-01');
INSERT INTO email_subscribers (email, token, confirmed_at, created_at) VALUES ('6@example.com', '25LAw8Yzc5SxsMi5DlHIgMoNbVF', '2021-01-01', '2021-01-01');
INSERT INTO email_subscribers (email, token, confirmed_at, created_at) VALUES ('7@example.com', '25LAw8Yzc5SxsMi5DlHIgMoNbVG', '2021-01-01', '2021-01-01');
INSERT INTO email_subscribers (email, token, confirmed_at, created_at) VALUES ('8@example.com', '25LAw8Yzc5SxsMi5DlHIgMoNbVH', '2021-01-01', '2021-01-01');
INSERT INTO email_subscribers (email, token, confirmed_at, created_at) VALUES ('9@example.com', '25LAw8Yzc5SxsMi5DlHIgMoNbVI', '2021-01-01', '2021-01-01');
INSERT INTO email_subscribers (email, token, confirmed_at, created_at) VALUES ('10@example.com', '25LAw8Yzc5SxsMi5DlHIgMoNbVL', '2021-01-01', '2021-01-01');
INSERT INTO email_subscribers (email, token, confirmed_at, created_at) VALUES ('11@example.com', '25LAw8Yzc5SxsMi5DlHIgMoNbVM', '2021-01-01', '2021-01-01');
INSERT INTO email_subscribers (email, token, confirmed_at, created_at) VALUES ('12@example.com', '25LAw8Yzc5SxsMi5DlHIgMoNbVN', '2021-01-01', '2021-01-01');
INSERT INTO seo_location (name, currency, country, emoji) VALUES ('United States', '$', NULL, '🇺🇸');
INSERT INTO seo_location (name, currency, country, emoji) VALUES ('New York City', '$', 'United States', '🇺🇸');
INSERT INTO seo_location (name, currency, country, emoji) VALUES ('San Francisco', '$', 'United States', '🇺🇸');
INSERT INTO seo_location (name, currency, country, emoji) VALUES ('United Kingdom', '£', NULL, '🇬🇧');
INSERT INTO seo_location (name, currency, country, emoji) VALUES ('London', '£', 'United Kingdom', '🇬🇧');
INSERT INTO seo_location (name, currency, country, emoji) VALUES ('Germany', '€', NULL, '🇩🇪');
INSERT INTO seo_location (name, currency, country, emoji) VALUES ('Berlin', '€', 'Germany', '🇩🇪');
INSERT INTO seo_location (name, currency, country, emoji) VALUES ('China', '¥', NULL, '🇨🇳');
INSERT INTO seo_location (name, currency, country, emoji) VALUES ('Japan', 'JP¥', NULL, '🇯🇵');
INSERT INTO seo_location (name, currency, country, emoji) VALUES ('India', '₹', NULL, '🇮🇳');
INSERT INTO seo_location (name, currency, country, emoji) VALUES ('France', '€', NULL, '🇫🇷');
INSERT INTO seo_location (name, currency, country, emoji) VALUES ('Paris', '€', 'France', '🇫🇷');
INSERT INTO seo_location (name, currency, country, emoji) VALUES ('Amsterdam', '€', 'Netherlands', '🇳🇱');
INSERT INTO seo_location (name, currency, country, emoji) VALUES ('Netherlands', '€', NULL, '🇳🇱');
INSERT INTO seo_location (name, currency, country, emoji) VALUES ('Spain', '€', NULL, '🇪🇸');
INSERT INTO seo_location (name, currency, country, emoji) VALUES ('Barcelona', '€', 'Spain', '🇪🇸');
INSERT INTO seo_location (name, currency, country, emoji) VALUES ('Italy', '€', NULL, '🇮🇹');
INSERT INTO seo_location (name, currency, country, emoji) VALUES ('Milan', '€', 'Italy', '🇮🇹');
INSERT INTO developer_profile (id, email, location, available, linkedin_url, image_id, slug, created_at, updated_at, skills, name, bio, hourly_rate, role_level) VALUES ('24goWl4YS6NYmV0FKW3SVeEHBKw', 'noreply2@appledeveloper.com', 'Paris, France', 'true', 'http://linkedin.com/appledeveloper2', '24ibdFIU4invHKb5ciPVkcMAvZa', 'mick-tony', '2022-02-05 11:47:04.0109991', '2022-02-05 11:47:04.010991', 'Go,JavaScript', 'Micky Mouse', 'Prolific JS dev', 100, 'junior');
INSERT INTO developer_profile (id, email, location, available, linkedin_url, image_id, slug, created_at, updated_at, skills, name, bio, hourly_rate, role_level) VALUES ('24goWl4YS6NYmV0FKW3SVeEHBKz', 'noreply3@appledeveloper.com', 'Barcelona, Spain', 'true', 'http://linkedin.com/appledeveloper3', '24ibdFIU4invHKb5ciPVkcMAvZa', 'mick-tony-2', '2023-02-05 11:47:04.0109991', '2023-02-05 11:47:04.010961', 'Go,Python,Rust', 'Jon Doe', 'Rust and Go Dev', 140, 'senior');
INSERT INTO developer_profile (id, email, location, available, linkedin_url, image_id, slug, created_at, updated_at, skills, name, bio, hourly_rate, role_level) VALUES ('24goWl4YS6NYmV0FKW3SVeEHBKx', 'developer@example.com', 'New York, United States', 'true', 'http://linkedin.com/appledeveloper4', '24ibdFIU4invHKb5ciPVkcMAvZa', 'mick-tony-3', '2023-02-05 11:47:04.0109991', '2023-02-05 11:47:04.010961', 'GCP,DevOps,AWS', 'Peppa Pig', 'DevOps Architect', 85, 'c-level');
INSERT INTO seo_skill (name) values ('MySQL');
INSERT INTO seo_skill (name) values ('Java');
INSERT INTO seo_skill (name) values ('Python');
INSERT INTO seo_skill (name) values ('HTML');
INSERT INTO seo_skill (name) values ('CSS');
INSERT INTO seo_skill (name) values ('Go');
INSERT INTO seo_skill (name) values ('Golang');
INSERT INTO seo_skill (name) values ('JavaScript');
INSERT INTO seo_skill (name) values ('TypeScript');
INSERT INTO seo_skill (name) values ('Rust');
INSERT INTO seo_skill (name) values ('C#');
INSERT INTO users (id, email, created_at, user_type) VALUES ('2PF9hXGq0QlHN1DHbv0DHHylN9Z', 'developer@example.com', '2023-05-01', 'developer');
INSERT INTO users (id, email, created_at, user_type) VALUES ('2PF9qaExCUPLZfvn3nNm74ip8UU', 'admin@example.com', '2023-05-01', 'admin');
INSERT INTO users (id, email, created_at, user_type) VALUES ('2PF9qVwZvVpHyWPCkLz3b6KV66Q', 'recruiter@example.com', '2023-05-01', 'recruiter');
INSERT INTO bookmark (user_id, job_id, created_at, applied_at) VALUES ('2PF9hXGq0QlHN1DHbv0DHHylN9Z', 1, '2023-05-01 12:34:56.789012', '2023-05-02 12:34:56.789012');
INSERT INTO bookmark (user_id, job_id, created_at, applied_at) VALUES ('2PF9hXGq0QlHN1DHbv0DHHylN9Z', 2, '2023-05-03 12:34:56.789012', NULL);
INSERT INTO bookmark (user_id, job_id, created_at, applied_at) VALUES ('2PF9hXGq0QlHN1DHbv0DHHylN9Z', 4, '2023-05-04 12:34:56.789012', '2023-05-04 12:34:56.789012');
INSERT INTO apply_token (token, job_id, created_at, confirmed_at, email, cv) VALUES ('2PHAuRaezfoiuzv9sjHjPfMXfG7', 1, '2023-05-02 12:34:56.789012', NULL, 'developer@example.com', 'broken-binary');
INSERT INTO apply_token (token, job_id, created_at, confirmed_at, email, cv) VALUES ('2PH9DchJbYjU8ylQpJlQkPl6210', 3, '2023-05-04 12:34:56.789012', NULL, 'developer@example.com', 'broken-binary');
INSERT INTO "public"."developer_profile_message" ("content", "created_at", "email", "id", "profile_id", "sender_id", "sent_at") VALUES ('Hello Jon Doe', '2023-05-05 14:23:53.432619', 'recruiter@example.com', '2PNTeISanB4UKH3M6qcwHx7D9PD', '24goWl4YS6NYmV0FKW3SVeEHBKz', '2PF9qVwZvVpHyWPCkLz3b6KV66Q', '2023-05-05 14:23:53.445684');
INSERT INTO "public"."developer_profile_message" ("content", "created_at", "email", "id", "profile_id", "sender_id", "sent_at") VALUES ('How are you doing, Peppa?', '2023-05-05 14:25:23.062191', 'recruiter@example.com', '2PNTphtndcaUQ1TO7ThnH9yCzX6', '24goWl4YS6NYmV0FKW3SVeEHBKx', '2PF9qVwZvVpHyWPCkLz3b6KV66Q', '2023-05-05 14:25:23.071301');
INSERT INTO "public"."developer_profile_message" ("content", "created_at", "email", "id", "profile_id", "sender_id", "sent_at") VALUES ('What''s going on Tony?', '2023-05-05 14:25:36.382668', 'recruiter@example.com', '2PNTrJrDsE7WnmP7vtrPLknvZsu', '24goWl4YS6NYmV0FKW3SVeEHBKs', '2PF9qVwZvVpHyWPCkLz3b6KV66Q', '2023-05-05 14:25:36.393392');
INSERT INTO "public"."developer_profile_message" ("content", "created_at", "email", "id", "profile_id", "sender_id", "sent_at") VALUES ('Good evening Peppa', '2023-05-05 21:21:03.428622', 'recruiter@example.com', '2POINrIS43iceiAi95lgrc3fx0w', '24goWl4YS6NYmV0FKW3SVeEHBKx', '2PF9qVwZvVpHyWPCkLz3b6KV66Q', '2023-05-05 21:21:03.441374');
INSERT INTO "public"."developer_profile_message" ("content", "created_at", "email", "id", "profile_id", "sender_id", "sent_at") VALUES ('Oh boy do I have a job for you!', '2023-05-05 21:21:10.42076', 'recruiter@example.com', '2POIOihst3SNfpaltu7mjoDalIp', '24goWl4YS6NYmV0FKW3SVeEHBKx', '2PF9qVwZvVpHyWPCkLz3b6KV66Q', '2023-05-05 21:21:10.431149');
INSERT INTO "public"."job_event" ("created_at", "event_type", "job_id") VALUES ('2023-05-01 12:15:36.602783', 'page_view', 4);
INSERT INTO "public"."job_event" ("created_at", "event_type", "job_id") VALUES ('2023-05-01 11:15:36.602783', 'page_view', 4);
INSERT INTO "public"."job_event" ("created_at", "event_type", "job_id") VALUES ('2023-05-01 13:15:36.602783', 'page_view', 4);
INSERT INTO "public"."job_event" ("created_at", "event_type", "job_id") VALUES ('2023-05-02 11:15:36.602783', 'page_view', 4);
INSERT INTO "public"."job_event" ("created_at", "event_type", "job_id") VALUES ('2023-05-02 12:15:36.602783', 'page_view', 4);
INSERT INTO "public"."job_event" ("created_at", "event_type", "job_id") VALUES ('2023-05-03 13:15:36.602783', 'page_view', 4);
INSERT INTO "public"."job_event" ("created_at", "event_type", "job_id") VALUES ('2023-05-03 14:15:36.602783', 'page_view', 4);
INSERT INTO "public"."job_event" ("created_at", "event_type", "job_id") VALUES ('2023-05-03 15:15:36.602783', 'page_view', 4);
INSERT INTO "public"."job_event" ("created_at", "event_type", "job_id") VALUES ('2023-05-04 11:15:36.602783', 'page_view', 4);
INSERT INTO "public"."job_event" ("created_at", "event_type", "job_id") VALUES ('2023-05-04 12:15:36.602783', 'page_view', 4);
INSERT INTO "public"."job_event" ("created_at", "event_type", "job_id") VALUES ('2023-05-04 13:15:36.602783', 'page_view', 4);
INSERT INTO "public"."job_event" ("created_at", "event_type", "job_id") VALUES ('2023-05-04 14:15:36.602783', 'page_view', 4);
INSERT INTO "public"."job_event" ("created_at", "event_type", "job_id") VALUES ('2023-05-04 15:15:36.602783', 'page_view', 4);
INSERT INTO "public"."job_event" ("created_at", "event_type", "job_id") VALUES ('2023-05-05 11:15:36.602783', 'page_view', 4);
INSERT INTO "public"."job_event" ("created_at", "event_type", "job_id") VALUES ('2023-05-05 12:15:36.602783', 'page_view', 4);
INSERT INTO "public"."job_event" ("created_at", "event_type", "job_id") VALUES ('2023-05-05 13:15:36.602783', 'page_view', 4);
INSERT INTO "public"."job_event" ("created_at", "event_type", "job_id") VALUES ('2023-05-01 11:15:36.602783', 'clickout', 4);
INSERT INTO "public"."job_event" ("created_at", "event_type", "job_id") VALUES ('2023-05-02 11:15:36.602783', 'clickout', 4);
INSERT INTO "public"."job_event" ("created_at", "event_type", "job_id") VALUES ('2023-05-02 12:15:36.602783', 'clickout', 4);
INSERT INTO "public"."job_event" ("created_at", "event_type", "job_id") VALUES ('2023-05-03 11:15:36.602783', 'clickout', 4);
INSERT INTO "public"."job_event" ("created_at", "event_type", "job_id") VALUES ('2023-05-04 11:15:36.602783', 'clickout', 4);
INSERT INTO "public"."job_event" ("created_at", "event_type", "job_id") VALUES ('2023-05-04 12:15:36.602783', 'clickout', 4);
INSERT INTO "public"."job_event" ("created_at", "event_type", "job_id") VALUES ('2023-05-04 13:15:36.602783', 'clickout', 4);
INSERT INTO "public"."job_event" ("created_at", "event_type", "job_id") VALUES ('2023-05-04 14:15:36.602783', 'clickout', 4);
INSERT INTO "public"."job_event" ("created_at", "event_type", "job_id") VALUES ('2023-05-04 15:15:36.602783', 'clickout', 4);
INSERT INTO "public"."job_event" ("created_at", "event_type", "job_id") VALUES ('2023-05-05 11:15:36.602783', 'clickout', 4);
INSERT INTO "public"."job_event" ("created_at", "event_type", "job_id") VALUES ('2023-05-05 12:15:36.602783', 'clickout', 4);
INSERT INTO "public"."developer_profile_event" ("created_at", "developer_profile_id", "event_type") VALUES ('2023-05-01 11:48:50.537481', '24goWl4YS6NYmV0FKW3SVeEHBKx', 'developer_profile_page_view');
INSERT INTO "public"."developer_profile_event" ("created_at", "developer_profile_id", "event_type") VALUES ('2023-05-02 11:48:50.537481', '24goWl4YS6NYmV0FKW3SVeEHBKx', 'developer_profile_page_view');
INSERT INTO "public"."developer_profile_event" ("created_at", "developer_profile_id", "event_type") VALUES ('2023-05-02 11:48:50.537481', '24goWl4YS6NYmV0FKW3SVeEHBKx', 'developer_profile_page_view');
INSERT INTO "public"."developer_profile_event" ("created_at", "developer_profile_id", "event_type") VALUES ('2023-05-03 11:48:50.537481', '24goWl4YS6NYmV0FKW3SVeEHBKx', 'developer_profile_page_view');
INSERT INTO "public"."developer_profile_event" ("created_at", "developer_profile_id", "event_type") VALUES ('2023-05-04 11:48:50.537481', '24goWl4YS6NYmV0FKW3SVeEHBKx', 'developer_profile_page_view');
INSERT INTO "public"."developer_profile_event" ("created_at", "developer_profile_id", "event_type") VALUES ('2023-05-05 11:48:50.537481', '24goWl4YS6NYmV0FKW3SVeEHBKx', 'developer_profile_page_view');
INSERT INTO "public"."developer_profile_event" ("created_at", "developer_profile_id", "event_type") VALUES ('2023-05-05 11:48:50.537481', '24goWl4YS6NYmV0FKW3SVeEHBKx', 'developer_profile_page_view');
INSERT INTO "public"."developer_profile_event" ("created_at", "developer_profile_id", "event_type") VALUES ('2023-05-05 11:48:50.537481', '24goWl4YS6NYmV0FKW3SVeEHBKx', 'developer_profile_page_view');
INSERT INTO "public"."developer_profile_event" ("created_at", "developer_profile_id", "event_type") VALUES ('2023-05-06 11:48:50.537481', '24goWl4YS6NYmV0FKW3SVeEHBKx', 'developer_profile_page_view');
INSERT INTO "public"."developer_profile_event" ("created_at", "developer_profile_id", "event_type") VALUES ('2023-05-06 11:48:50.537481', '24goWl4YS6NYmV0FKW3SVeEHBKx', 'developer_profile_page_view');
INSERT INTO "public"."developer_profile_event" ("created_at", "developer_profile_id", "event_type") VALUES ('2023-05-06 11:48:50.537481', '24goWl4YS6NYmV0FKW3SVeEHBKx', 'developer_profile_page_view');
INSERT INTO "public"."developer_profile_event" ("created_at", "developer_profile_id", "event_type") VALUES ('2023-05-02 11:48:50.537481', '24goWl4YS6NYmV0FKW3SVeEHBKx', 'developer_profile_message_sent');
INSERT INTO "public"."developer_profile_event" ("created_at", "developer_profile_id", "event_type") VALUES ('2023-05-02 11:48:50.537481', '24goWl4YS6NYmV0FKW3SVeEHBKx', 'developer_profile_message_sent');
INSERT INTO "public"."developer_profile_event" ("created_at", "developer_profile_id", "event_type") VALUES ('2023-05-02 11:48:50.537481', '24goWl4YS6NYmV0FKW3SVeEHBKx', 'developer_profile_message_sent');
INSERT INTO "public"."developer_profile_event" ("created_at", "developer_profile_id", "event_type") VALUES ('2023-05-03 11:48:50.537481', '24goWl4YS6NYmV0FKW3SVeEHBKx', 'developer_profile_message_sent');
INSERT INTO "public"."developer_profile_event" ("created_at", "developer_profile_id", "event_type") VALUES ('2023-05-04 11:48:50.537481', '24goWl4YS6NYmV0FKW3SVeEHBKx', 'developer_profile_message_sent');
INSERT INTO "public"."developer_profile_event" ("created_at", "developer_profile_id", "event_type") VALUES ('2023-05-04 11:48:50.537481', '24goWl4YS6NYmV0FKW3SVeEHBKx', 'developer_profile_message_sent');
INSERT INTO "public"."developer_profile_event" ("created_at", "developer_profile_id", "event_type") VALUES ('2023-05-05 11:48:50.537481', '24goWl4YS6NYmV0FKW3SVeEHBKx', 'developer_profile_message_sent');
INSERT INTO "public"."developer_profile_event" ("created_at", "developer_profile_id", "event_type") VALUES ('2023-05-06 11:48:50.537481', '24goWl4YS6NYmV0FKW3SVeEHBKx', 'developer_profile_message_sent');